{"Train/loss": 5.599290370941162, "_step": 440, "_runtime": 42272, "_timestamp": 1626681863, "Val/loss": 5.701307773590088}