{"Train/loss": 5.581876277923584, "_step": 305, "_runtime": 30768, "_timestamp": 1626674699, "Val/loss": 5.71215295791626}